OwnerId, SF_Account_Id__c, Talent_HRXML_Last_Modified_Date__c, Talent_HRXML__c
005U0000001CHAHIA4,00124000017S24sAAC,2017-07-29T01:31:00.000Z,"Talent HRXML - Test 1"
005U0000001CHAHIA4,00124000017S24sAAC,2017-07-29T01:32:00.000Z,"Talent HRXML - Test 2"
005U0000001CHAHIA4,00124000017S24sAAC,2017-07-29T01:33:00.000Z,"Talent HRXML - Test 3"
005U0000001CHAHIA4,00124000017S24sAAC,2017-07-29T01:34:00.000Z,"Talent HRXML - Test 4"
005U0000001CHAHIA4,00124000017S24sAAC,2017-07-29T01:35:00.000Z,"Talent HRXML - Test 5"
005U0000001CHAHIA4,00124000017S24sAAC,2017-07-29T01:36:00.000Z,"Talent HRXML - Test 6"
005U0000001CHAHIA4,00124000017S24sAAC,2017-07-29T01:37:00.000Z,"Talent HRXML - Test 7"
005U0000001CHAHIA4,00124000017S24sAAC,2017-07-29T01:38:00.000Z,"Talent HRXML - Test 8"
005U0000001CHAHIA4,00124000017S24sAAC,2017-07-29T01:39:00.000Z,"Talent HRXML - Test 9"
005U0000001CHAHIA4,00124000017S24sAAC,2017-07-29T01:40:00.000Z,"Talent HRXML - Test 10"